1,Chatree,Yukonchai,M,Chatree.Y@gmail.com,Ang Thong,Mueang,14000,0843849531,FALSE
2,Chawalya,Lerdyod,F,Chawalya.L@gmail.com,Nakhon Ratchasima,Mueang,30280,0934773128,FALSE
3,Kanokwan,Trajit,F,Kanokwan.T@gmail.com,Songkhla,Mueang,90000,0624847294,TRUE
4,Trirak,Kwandee,M,Trirak.K@gmail.com,Bangkok,Khlong San,10600,0824429829,FALSE
5,Manatchaya,Jingjai,F,Manatchaya.J@gmail.com,Nonthaburi,Pak Kret,11120,0847398573,FALSE
6,Sujarit,Kiddee,M,Sujarit.K@gmail.com,Khon Kaen,Ban Fang,40270,0708737439,FALSE
7,Rakdee,Kaokrai,,Rakdee.K@gmail.com,Bangkok,Bang Kapi,10310,0943849332,TRUE
8,Rujiras,Sangchart,M,Rujiras.S@gmail.com,Sakon Nakhon,Mueang,47000,0948274224,FALSE
9,Tasakporn,Tanatdee,F,Tasakporn.T@gmail.com,Bangkok,Khlong Toei,10110,0842784298,TRUE
10,Manothai,Vilailak,M,Manothai.V@gmail.com,Khon Kaen,Mueang,40000,0842794279,FALSE
11,Vijitra,Kanchai,F,Vijitra.K@gmail.com,Nakhon Ratchasima,Chok Chai,30190,0949830953,TRUE
12,Oranee,Eakkarat,F,Oranee.E@gmail.com,Samut Prakan,Bang Bo,10270,0976356463,FALSE
13,Ittiwat,Panrojana,,Ittiwat.P@gmail.com,Nonthaburi,Bang Bua Thong,11110,0758798342,TRUE
14,Sontaya,Pongvijit,M,Sontaya.P@gmail.com,Sakon Nakhon,Kusuman,47210,0987423663,FALSE
15,Waratchai,Jaidee,M,Waratchai.J@gmail.com,Bangkok,Khlong San,10600,0883975738,TRUE
16,Maitee,Haikan,M,Maitee.H@gmail.com,Chiang Mai,Mueang,50000,0966924829,FALSE
17,Pongpat,Raksorn,M,Pongpat.R@gmail.com,Chiang Mai,Mae Rim,50180,0942746374,TRUE
18,Lachaya,Intharat,F,Lachaya.I@gmail.com,Chaiyaphum,Mueang,36000,0942748632,TRUE
19,Chanatda,Pongvivat,F,Chanatda.P@gmail.com,Surat Thani,Mueang,84000,0943848384,TRUE
20,Kaisorn,Wongthep,M,Kaisorn.W@gmail.com,Bangkok,Phaya Thai,10400,0926363248,TRUE
